model,accuracy_mean,accuracy_std,f1_macro_mean,f1_macro_std,f1_weighted_mean,f1_weighted_std,ari_mean,ari_std,nmi_mean,nmi_std
SpatialDomainNet,0.7612258202312425,0.09617853942109189,0.6316634272406787,0.04631127458667061,0.7552127454492192,0.09365715474869812,0.7707000895844678,0.0704329844827369,0.8008240706765086,0.03699303608933823
DualGCN,0.7455689075106376,0.09651095137693087,0.6156018421190945,0.04304270665918529,0.7397600962214994,0.0949521755408455,0.7422389691944707,0.06604715386972107,0.7769969443440903,0.04240222661885514
SpatialGAT,0.7591281503260805,0.09327658983725957,0.6205694915835364,0.049559125563540904,0.7536662132322964,0.08879088320188361,0.765637944496973,0.0668659320609783,0.7978918403596222,0.03618045848595286
FeatureGAT,0.7587017364584691,0.10450723693609275,0.6291305863213896,0.040467373541806975,0.7539334343432028,0.10010291049049692,0.7686268592407244,0.06883021709316463,0.7985303972883196,0.032460585323004186
ExprOnly,0.7524304837873059,0.1012151847692045,0.6179667636690317,0.031202923767956997,0.7460551103970458,0.09909500702315724,0.7630629562242193,0.06716034983491476,0.7904914212711389,0.021561804895519912
RF,0.7534143347537083,0.08758680156484555,0.6533302624620083,0.004089735118334257,0.751478375504559,0.09322959069128083,0.7530144430158103,0.0677129161886022,0.8054005324738942,0.027594647302879596
